{
  "threshold": 13.87393490800423,
  "created": "2026-07-16T16:49:41",
  "n_train": 122,
  "variants": [
    "nv15s-lab-fill1",
    "nv15s-lab-fill2",
    "nv15s-lab-steady1",
    "nv15s-lab-top1",
    "nv15s-lab-top2",
    "nv15s-lab-top3",
    "nv15s-lab2-steady1",
    "nv15s-lab2-top1"
  ],
  "holdout_file": "C:\\Users\\sean\\seanprojects\\tinyLLM-MCU\\offdevice\\data\\holdout.txt",
  "fp_target": 0.02,
  "shrinkage": 0.04837062441893778,
  "loo_distances": [
    [
      "benign__tbA__nv15s-lab-top1__run002__20260712T182821.bin",
      4.057531
    ],
    [
      "benign__tbA__nv15s-lab-steady1__run055__20260713T141405.bin",
      4.525344
    ],
    [
      "benign__tbA__nv15s-lab-top2__run003__20260713T190826.bin",
      4.579845
    ],
    [
      "benign__tbA__nv15s-lab-steady1__run033__20260712T233229.bin",
      4.642331
    ],
    [
      "benign__tbA__nv15s-lab-fill2__run001__20260711T223241.bin",
      4.729592
    ],
    [
      "benign__tbA__nv15s-lab-steady1__run005__20260712T015305.bin",
      4.79591
    ],
    [
      "benign__tbA__nv15s-lab-top2__run004__20260713T194017.bin",
      4.970703
    ],
    [
      "benign__tbA__nv15s-lab-steady1__run018__20260712T103401.bin",
      4.986694
    ],
    [
      "benign__tbA__nv15s-lab-steady1__run009__20260712T043322.bin",
      5.040341
    ],
    [
      "benign__tbA__nv15s-lab2-steady1__run001__20260715T180221.bin",
      5.131681
    ],
    [
      "benign__tbA__nv15s-lab-steady1__run027__20260712T163439.bin",
      5.261146
    ],
    [
      "benign__tbA__nv15s-lab-steady1__run028__20260712T201207.bin",
      5.349173
    ],
    [
      "benign__tbA__nv15s-lab-fill2__run000__20260711T222508.bin",
      5.434439
    ],
    [
      "benign__tbA__nv15s-lab-steady1__run039__20260713T033254.bin",
      5.656829
    ],
    [
      "benign__tbA__nv15s-lab-steady1__run090__20260714T162231.bin",
      5.697455
    ],
    [
      "benign__tbA__nv15s-lab-steady1__run100__20260715T011854.bin",
      5.719762
    ],
    [
      "benign__tbA__nv15s-lab-steady1__run072__20260714T042112.bin",
      5.746742
    ],
    [
      "benign__tbA__nv15s-lab-steady1__run015__20260712T083348.bin",
      5.753058
    ],
    [
      "benign__tbA__nv15s-lab-steady1__run004__20260712T011301.bin",
      5.811306
    ],
    [
      "benign__tbA__nv15s-lab-steady1__run002__20260711T235252.bin",
      5.856064
    ],
    [
      "benign__tbA__nv15s-lab-steady1__run071__20260714T034108.bin",
      5.864957
    ],
    [
      "benign__tbA__nv15s-lab-steady1__run046__20260713T081324.bin",
      5.968956
    ],
    [
      "benign__tbA__nv15s-lab-steady1__run094__20260714T211827.bin",
      5.991526
    ],
    [
      "benign__tbA__nv15s-lab-steady1__run083__20260714T114200.bin",
      6.073476
    ],
    [
      "benign__tbA__nv15s-lab2-top1__run004__20260715T172216.bin",
      6.10934
    ],
    [
      "benign__tbA__nv15s-lab-steady1__run112__20260715T091945.bin",
      6.150485
    ],
    [
      "benign__tbA__nv15s-lab-top1__run003__20260712T190012.bin",
      6.16452
    ],
    [
      "benign__tbA__nv15s-lab-fill1__run002__20260711T212346.bin",
      6.175805
    ],
    [
      "benign__tbA__nv15s-lab-steady1__run019__20260712T111405.bin",
      6.202569
    ],
    [
      "benign__tbA__nv15s-lab-steady1__run013__20260712T071339.bin",
      6.223874
    ],
    [
      "benign__tbA__nv15s-lab-steady1__run073__20260714T050117.bin",
      6.251933
    ],
    [
      "benign__tbA__nv15s-lab-steady1__run006__20260712T023309.bin",
      6.313427
    ],
    [
      "benign__tbA__nv15s-lab-steady1__run035__20260713T005237.bin",
      6.397339
    ],
    [
      "benign__tbA__nv15s-lab-steady1__run056__20260713T145409.bin",
      6.439662
    ],
    [
      "benign__tbA__nv15s-lab-steady1__run031__20260712T221220.bin",
      6.504846
    ],
    [
      "benign__tbA__nv15s-lab-steady1__run051__20260713T113346.bin",
      6.53455
    ],
    [
      "benign__tbA__nv15s-lab-fill1__run004__20260711T214152.bin",
      6.539981
    ],
    [
      "benign__tbA__nv15s-lab-steady1__run016__20260712T091352.bin",
      6.560261
    ],
    [
      "benign__tbA__nv15s-lab-steady1__run093__20260714T203823.bin",
      6.562952
    ],
    [
      "benign__tbA__nv15s-lab-fill1__run005__20260711T215055.bin",
      6.574984
    ],
    [
      "benign__tbA__nv15s-lab-steady1__run077__20260714T074133.bin",
      6.655099
    ],
    [
      "benign__tbA__nv15s-lab-top3__run004__20260714T191814.bin",
      6.737277
    ],
    [
      "benign__tbA__nv15s-lab-steady1__run010__20260712T051326.bin",
      6.802995
    ],
    [
      "benign__tbA__nv15s-lab-steady1__run066__20260714T002047.bin",
      6.878645
    ],
    [
      "benign__tbA__nv15s-lab-steady1__run029__20260712T205212.bin",
      6.883204
    ],
    [
      "benign__tbA__nv15s-lab-steady1__run042__20260713T053307.bin",
      6.917829
    ],
    [
      "benign__tbA__nv15s-lab-steady1__run087__20260714T142217.bin",
      6.927013
    ],
    [
      "benign__tbA__nv15s-lab-steady1__run075__20260714T062125.bin",
      6.9866
    ],
    [
      "benign__tbA__nv15s-lab-steady1__run011__20260712T055330.bin",
      7.001389
    ],
    [
      "benign__tbA__nv15s-lab-steady1__run113__20260715T095950.bin",
      7.013533
    ],
    [
      "benign__tbA__nv15s-lab-steady1__run048__20260713T093333.bin",
      7.078163
    ],
    [
      "benign__tbA__nv15s-lab-steady1__run091__20260714T170235.bin",
      7.19795
    ],
    [
      "benign__tbA__nv15s-lab-steady1__run040__20260713T041258.bin",
      7.220594
    ],
    [
      "benign__tbA__nv15s-lab-steady1__run118__20260715T132013.bin",
      7.242688
    ],
    [
      "benign__tbA__nv15s-lab2-steady1__run000__20260715T150546.bin",
      7.304287
    ],
    [
      "benign__tbA__nv15s-lab-steady1__run038__20260713T025250.bin",
      7.306962
    ],
    [
      "benign__tbA__nv15s-lab-top2__run002__20260713T183635.bin",
      7.328006
    ],
    [
      "benign__tbA__nv15s-lab-top3__run002__20260714T181432.bin",
      7.331678
    ],
    [
      "benign__tbA__nv15s-lab-steady1__run117__20260715T124009.bin",
      7.376997
    ],
    [
      "benign__tbA__nv15s-lab-top1__run001__20260712T175630.bin",
      7.402164
    ],
    [
      "benign__tbA__nv15s-lab-steady1__run063__20260713T222034.bin",
      7.413394
    ],
    [
      "benign__tbA__nv15s-lab-steady1__run022__20260712T131418.bin",
      7.424614
    ],
    [
      "benign__tbA__nv15s-lab-steady1__run081__20260714T102151.bin",
      7.444897
    ],
    [
      "benign__tbA__nv15s-lab-steady1__run099__20260715T003849.bin",
      7.598816
    ],
    [
      "benign__tbA__nv15s-lab-steady1__run082__20260714T110156.bin",
      7.616677
    ],
    [
      "benign__tbA__nv15s-lab-fill1__run003__20260711T213249.bin",
      7.617149
    ],
    [
      "benign__tbA__nv15s-lab-steady1__run069__20260714T022100.bin",
      7.662552
    ],
    [
      "benign__tbA__nv15s-lab-steady1__run089__20260714T154226.bin",
      7.787372
    ],
    [
      "benign__tbA__nv15s-lab-steady1__run074__20260714T054121.bin",
      7.998282
    ],
    [
      "benign__tbA__nv15s-lab-steady1__run020__20260712T115409.bin",
      8.000901
    ],
    [
      "benign__tbA__nv15s-lab-steady1__run034__20260713T001233.bin",
      8.009116
    ],
    [
      "benign__tbA__nv15s-lab-steady1__run057__20260713T153413.bin",
      8.081205
    ],
    [
      "benign__tbA__nv15s-lab-steady1__run049__20260713T101337.bin",
      8.092835
    ],
    [
      "benign__tbA__nv15s-lab-steady1__run084__20260714T122204.bin",
      8.139347
    ],
    [
      "benign__tbA__nv15s-lab-steady1__run065__20260713T234043.bin",
      8.185666
    ],
    [
      "benign__tbA__nv15s-lab-steady1__run058__20260713T161418.bin",
      8.213235
    ],
    [
      "benign__tbA__nv15s-lab-steady1__run085__20260714T130209.bin",
      8.21732
    ],
    [
      "benign__tbA__nv15s-lab-steady1__run041__20260713T045302.bin",
      8.281833
    ],
    [
