{
  "threshold": 13.217188766753813,
  "created": "2026-07-19T18:05:24",
  "n_train": 184,
  "variants": [
    "nv15s-lab-fill1",
    "nv15s-lab-fill2",
    "nv15s-lab-steady1",
    "nv15s-lab-top1",
    "nv15s-lab-top2",
    "nv15s-lab-top3",
    "nv15s-lab2-steady1",
    "nv15s-lab2-top1",
    "nv15s-lab-tail1",
    "nv15s-lab-tail2",
    "nv15s-lab-tail3-withsettings"
  ],
  "holdout_file": "C:\\Users\\sean\\seanprojects\\tinyLLM-MCU\\offdevice\\data\\holdout.txt",
  "fp_target": 0.02,
  "shrinkage": 0.02602044337270138,
  "loo_distances": [
    [
      "benign__tbA__nv15s-lab-top1__run002__20260712T182821.bin",
      4.376413
    ],
    [
      "benign__tbA__nv15s-lab-top1__run004__20260712T193203.bin",
      4.662965
    ],
    [
      "benign__tbA__nv15s-lab-steady1__run055__20260713T141405.bin",
      4.7996
    ],
    [
      "benign__tbA__nv15s-lab-tail1__run048__20260718T202156.bin",
      4.924125
    ],
    [
      "benign__tbA__nv15s-lab-steady1__run005__20260712T015305.bin",
      5.056146
    ],
    [
      "benign__tbA__nv15s-lab2-steady1__run001__20260715T180221.bin",
      5.146462
    ],
    [
      "benign__tbA__nv15s-lab-fill2__run001__20260711T223241.bin",
      5.157927
    ],
    [
      "benign__tbA__nv15s-lab-top2__run003__20260713T190826.bin",
      5.176721
    ],
    [
      "benign__tbA__nv15s-lab-tail1__run050__20260718T202326.bin",
      5.217677
    ],
    [
      "benign__tbA__nv15s-lab-tail1__run060__20260718T205456.bin",
      5.303809
    ],
    [
      "benign__tbA__nv15s-lab-tail1__run046__20260718T202026.bin",
      5.327363
    ],
    [
      "benign__tbA__nv15s-lab-tail1__run022__20260718T191426.bin",
      5.360776
    ],
    [
      "benign__tbA__nv15s-lab-tail1__run024__20260718T191556.bin",
      5.383296
    ],
    [
      "benign__tbA__nv15s-lab-steady1__run009__20260712T043322.bin",
      5.486942
    ],
    [
      "benign__tbA__nv15s-lab-tail1__run036__20260718T194856.bin",
      5.594548
    ],
    [
      "benign__tbA__nv15s-lab-steady1__run018__20260712T103401.bin",
      5.623662
    ],
    [
      "benign__tbA__nv15s-lab-top2__run004__20260713T194017.bin",
      5.642629
    ],
    [
      "benign__tbA__nv15s-lab-tail1__run038__20260718T195026.bin",
      5.692029
    ],
    [
      "benign__tbA__nv15s-lab-steady1__run028__20260712T201207.bin",
      5.702718
    ],
    [
      "benign__tbA__nv15s-lab-steady1__run027__20260712T163439.bin",
      5.723944
    ],
    [
      "benign__tbA__nv15s-lab-tail1__run062__20260718T205626.bin",
      5.765733
    ],
    [
      "benign__tbA__nv15s-lab-tail1__run034__20260718T194726.bin",
      5.789305
    ],
    [
      "benign__tbA__nv15s-lab-steady1__run015__20260712T083348.bin",
      5.815435
    ],
    [
      "benign__tbA__nv15s-lab-steady1__run039__20260713T033254.bin",
      5.840101
    ],
    [
      "benign__tbA__nv15s-lab-steady1__run100__20260715T011854.bin",
      5.860947
    ],
    [
      "benign__tbA__nv15s-lab-tail1__run012__20260718T184256.bin",
      5.891562
    ],
    [
      "benign__tbA__nv15s-lab-steady1__run090__20260714T162231.bin",
      5.93484
    ],
    [
      "benign__tbA__nv15s-lab-tail1__run026__20260718T191726.bin",
      5.964593
    ],
    [
      "benign__tbA__nv15s-lab-tail1__run010__20260718T184126.bin",
      5.965032
    ],
    [
      "benign__tbA__nv15s-lab-steady1__run004__20260712T011301.bin",
      6.095442
    ],
    [
      "benign__tbA__nv15s-lab-steady1__run002__20260711T235252.bin",
      6.126739
    ],
    [
      "benign__tbA__nv15s-lab-fill2__run000__20260711T222508.bin",
      6.137988
    ],
    [
      "benign__tbA__nv15s-lab-tail1__run058__20260718T205326.bin",
      6.195736
    ],
    [
      "benign__tbA__nv15s-lab-steady1__run046__20260713T081324.bin",
      6.269557
    ],
    [
      "benign__tbA__nv15s-lab-tail1__run002__20260718T181126.bin",
      6.27566
    ],
    [
      "benign__tbA__nv15s-lab-steady1__run092__20260714T195818.bin",
      6.300452
    ],
    [
      "benign__tbA__nv15s-lab-steady1__run036__20260713T013241.bin",
      6.304457
    ],
    [
      "benign__tbA__nv15s-lab-steady1__run044__20260713T065316.bin",
      6.322272
    ],
    [
      "benign__tbA__nv15s-lab-steady1__run043__20260713T061311.bin",
      6.408441
    ],
    [
      "benign__tbA__nv15s-lab-steady1__run072__20260714T042112.bin",
      6.411853
    ],
    [
      "benign__tbA__nv15s-lab-steady1__run035__20260713T005237.bin",
      6.419887
    ],
    [
      "benign__tbA__nv15s-lab-tail1__run052__20260718T202456.bin",
      6.425706
    ],
    [
      "benign__tbA__nv15s-lab-steady1__run019__20260712T111405.bin",
      6.428354
    ],
    [
      "benign__tbA__nv15s-lab-steady1__run071__20260714T034108.bin",
      6.457976
    ],
    [
      "benign__tbA__nv15s-lab-steady1__run083__20260714T114200.bin",
      6.461608
    ],
    [
      "benign__tbA__nv15s-lab-steady1__run021__20260712T123414.bin",
      6.515635
    ],
    [
      "benign__tbA__nv15s-lab-top1__run003__20260712T190012.bin",
      6.527916
    ],
    [
      "benign__tbA__nv15s-lab-steady1__run112__20260715T091945.bin",
      6.534107
    ],
    [
      "benign__tbA__nv15s-lab-tail1__run014__20260718T184426.bin",
      6.539653
    ],
    [
      "benign__tbA__nv15s-lab-tail1__run054__20260718T202626.bin",
      6.583311
    ],
    [
      "benign__tbA__nv15s-lab-steady1__run111__20260715T083940.bin",
      6.664101
    ],
    [
      "benign__tbA__nv15s-lab-steady1__run031__20260712T221220.bin",
      6.700998
    ],
    [
      "benign__tbA__nv15s-lab-fill1__run002__20260711T212346.bin",
      6.741325
    ],
    [
      "benign__tbA__nv15s-lab-steady1__run056__20260713T145409.bin",
      6.759056
    ],
    [
      "benign__tbA__nv15s-lab-steady1__run113__20260715T095950.bin",
      6.762349
    ],
    [
      "benign__tbA__nv15s-lab-steady1__run006__20260712T023309.bin",
      6.772898
    ],
    [
      "benign__tbA__nv15s-lab2-top1__run004__20260715T172216.bin",
      6.773702
    ],
    [
      "benign__tbA__nv15s-lab-steady1__run013__20260712T071339.bin",
      6.782026
    ],
    [
      "benign__tbA__nv15s-lab-steady1__run093__20260714T203823.bin",
      6.857617
    ],
    [
      "benign__tbA__nv15s-lab-tail1__run018__20260718T184726.bin",
      6.882787
    ],
    [
      "benign__tbA__nv15s-lab-top3__run004__20260714T191814.bin",
      6.900653
    ],
    [
      "benign__tbA__nv15s-lab-steady1__run010__20260712T051326.bin",
      6.920548
    ],
    [
      "benign__tbA__nv15s-lab-steady1__run073__20260714T050117.bin",
      6.977331
    ],
    [
      "benign__tbA__nv15s-lab-steady1__run051__20260713T113346.bin",
      6.985298
    ],
    [
      "benign__tbA__nv15s-lab-tail1__run016__20260718T184556.bin",
      7.015831
    ],
    [
      "benign__tbA__nv15s-lab-steady1__run077__20260714T074133.bin",
      7.043055
    ],
    [
      "benign__tbA__nv15s-lab-tail1__run064__20260718T205756.bin",
      7.154414
    ],
    [
      "benign__tbA__nv15s-lab-steady1__run052__20260713T121350.bin",
      7.234449
    ],
    [
      "benign__tbA__nv15s-lab-tail1__run040__20260718T195156.bin",
      7.259866
    ],
    [
      "benign__tbA__nv15s-lab-steady1__run060__20260713T202021.bin",
      7.268482
    ],
    [
      "benign__tbA__nv15s-lab-steady1__run091__20260714T170235.bin",
      7.270359
    ],
    [
      "benign__tbA__nv15s-lab-tail1__run000__20260718T180957.bin",
      7.277005
    ],
    [
      "benign__tbA__nv15s-lab-steady1__run099__20260715T003849.bin",
      7.285065
    ],
    [
      "benign__tbA__nv15s-lab-tail1__run030__20260718T192026.bin",
      7.311252
    ],
    [
      "benign__tbA__nv15s-lab-steady1__run078__20260714T082138.bin",
      7.342934
    ],
    [
      "benign__tbA__nv15s-lab-steady1__run029__20260712T205212.bin",
      7.343091
    ],
    [
      "benign__tbA__nv15s-lab-steady1__run047__20260713T085329.bin",
      7.361145
    ],
    [
