{
  "threshold": 13.909093016051541,
  "created": "2026-07-21T13:08:48",
  "n_train": 155,
  "variants": [
    "nv15s-lab-fill1",
    "nv15s-lab-fill2",
    "nv15s-lab-steady1",
    "nv15s-lab-top1",
    "nv15s-lab-top2",
    "nv15s-lab-top3",
    "nv15s-lab2-steady1",
    "nv15s-lab2-top1",
    "nv15s-lab-tail2",
    "nv15s-lab-tail3-withsettings",
    "nv15s-lab-tail4"
  ],
  "holdout_file": "C:\\Users\\sean\\seanprojects\\tinyLLM-MCU\\offdevice\\data\\holdout.txt",
  "fp_target": 0.01,
  "shrinkage": 0.03363969466609717,
  "loo_distances": [
    [
      "benign__tbA__nv15s-lab-top1__run002__20260712T182821.bin",
      4.093214
    ],
    [
      "benign__tbA__nv15s-lab-top1__run004__20260712T193203.bin",
      4.297078
    ],
    [
      "benign__tbA__nv15s-lab-steady1__run055__20260713T141405.bin",
      4.701701
    ],
    [
      "benign__tbA__nv15s-lab-steady1__run033__20260712T233229.bin",
      4.708143
    ],
    [
      "benign__tbA__nv15s-lab-top2__run003__20260713T190826.bin",
      4.736292
    ],
    [
      "benign__tbA__nv15s-lab-steady1__run005__20260712T015305.bin",
      4.991985
    ],
    [
      "benign__tbA__nv15s-lab-fill2__run001__20260711T223241.bin",
      5.070366
    ],
    [
      "benign__tbA__nv15s-lab-steady1__run018__20260712T103401.bin",
      5.091933
    ],
    [
      "benign__tbA__nv15s-lab-steady1__run009__20260712T043322.bin",
      5.20234
    ],
    [
      "benign__tbA__nv15s-lab2-steady1__run001__20260715T180221.bin",
      5.232991
    ],
    [
      "benign__tbA__nv15s-lab-top2__run004__20260713T194017.bin",
      5.273088
    ],
    [
      "benign__tbA__nv15s-lab-steady1__run027__20260712T163439.bin",
      5.45849
    ],
    [
      "benign__tbA__nv15s-lab-steady1__run100__20260715T011854.bin",
      5.647479
    ],
    [
      "benign__tbA__nv15s-lab-steady1__run015__20260712T083348.bin",
      5.664279
    ],
    [
      "benign__tbA__nv15s-lab-steady1__run039__20260713T033254.bin",
      5.717038
    ],
    [
      "benign__tbA__nv15s-lab-steady1__run092__20260714T195818.bin",
      5.73912
    ],
    [
      "benign__tbA__nv15s-lab-steady1__run094__20260714T211827.bin",
      5.751902
    ],
    [
      "benign__tbA__nv15s-lab-steady1__run028__20260712T201207.bin",
      5.884338
    ],
    [
      "benign__tbA__nv15s-lab-steady1__run083__20260714T114200.bin",
      5.885017
    ],
    [
      "benign__tbA__nv15s-lab-fill2__run000__20260711T222508.bin",
      5.917432
    ],
    [
      "benign__tbA__nv15s-lab-steady1__run046__20260713T081324.bin",
      5.956009
    ],
    [
      "benign__tbA__nv15s-lab-steady1__run021__20260712T123414.bin",
      6.100848
    ],
    [
      "benign__tbA__nv15s-lab-steady1__run002__20260711T235252.bin",
      6.162485
    ],
    [
      "benign__tbA__nv15s-lab2-top1__run004__20260715T172216.bin",
      6.255692
    ],
    [
      "benign__tbA__nv15s-lab-steady1__run051__20260713T113346.bin",
      6.25811
    ],
    [
      "benign__tbA__nv15s-lab-steady1__run077__20260714T074133.bin",
      6.269502
    ],
    [
      "benign__tbA__nv15s-lab-steady1__run036__20260713T013241.bin",
      6.298379
    ],
    [
      "benign__tbA__nv15s-lab-steady1__run004__20260712T011301.bin",
      6.35974
    ],
    [
      "benign__tbA__nv15s-lab-steady1__run006__20260712T023309.bin",
      6.369904
    ],
    [
      "benign__tbA__nv15s-lab-steady1__run093__20260714T203823.bin",
      6.394825
    ],
    [
      "benign__tbA__nv15s-lab-steady1__run043__20260713T061311.bin",
      6.402342
    ],
    [
      "benign__tbA__nv15s-lab-steady1__run044__20260713T065316.bin",
      6.42605
    ],
    [
      "benign__tbA__nv15s-lab-fill1__run002__20260711T212346.bin",
      6.464427
    ],
    [
      "benign__tbA__nv15s-lab-top3__run004__20260714T191814.bin",
      6.467978
    ],
    [
      "benign__tbA__nv15s-lab-tail4__run010__20260721T025254.bin",
      6.470328
    ],
    [
      "benign__tbA__nv15s-lab-steady1__run056__20260713T145409.bin",
      6.49618
    ],
    [
      "benign__tbA__nv15s-lab-steady1__run112__20260715T091945.bin",
      6.579971
    ],
    [
      "benign__tbA__nv15s-lab-steady1__run013__20260712T071339.bin",
      6.679632
    ],
    [
      "benign__tbA__nv15s-lab-tail4__run007__20260721T012239.bin",
      6.745041
    ],
    [
      "benign__tbA__nv15s-lab-steady1__run113__20260715T095950.bin",
      6.770305
    ],
    [
      "benign__tbA__nv15s-lab-fill1__run004__20260711T214152.bin",
      6.795811
    ],
    [
      "benign__tbA__nv15s-lab-tail4__run017__20260721T062354.bin",
      6.828093
    ],
    [
      "benign__tbA__nv15s-lab-steady1__run019__20260712T111405.bin",
      6.834991
    ],
    [
      "benign__tbA__nv15s-lab-steady1__run029__20260712T205212.bin",
      6.836558
    ],
    [
      "benign__tbA__nv15s-lab-tail4__run003__20260720T232140.bin",
      6.84469
    ],
    [
      "benign__tbA__nv15s-lab-steady1__run078__20260714T082138.bin",
      6.916156
    ],
    [
      "benign__tbA__nv15s-lab-tail4__run009__20260721T022154.bin",
      6.935485
    ],
    [
      "benign__tbA__nv15s-lab-steady1__run109__20260715T071932.bin",
      6.948556
    ],
    [
      "benign__tbA__nv15s-lab-fill1__run005__20260711T215055.bin",
      6.952379
    ],
    [
      "benign__tbA__nv15s-lab-tail4__run014__20260721T045354.bin",
      6.983096
    ],
    [
      "benign__tbA__nv15s-lab-tail4__run018__20260721T065454.bin",
      7.003897
    ],
    [
      "benign__tbA__nv15s-lab-steady1__run048__20260713T093333.bin",
      7.02866
    ],
    [
      "benign__tbA__nv15s-lab-steady1__run047__20260713T085329.bin",
      7.034579
    ],
    [
      "benign__tbA__nv15s-lab2-steady1__run000__20260715T150546.bin",
      7.059741
    ],
    [
      "benign__tbA__nv15s-lab-steady1__run087__20260714T142217.bin",
      7.077648
    ],
    [
      "benign__tbA__nv15s-lab-steady1__run099__20260715T003849.bin",
      7.11815
    ],
    [
      "benign__tbA__nv15s-lab-fill1__run003__20260711T213249.bin",
      7.134908
    ],
    [
      "benign__tbA__nv15s-lab-steady1__run010__20260712T051326.bin",
      7.147328
    ],
    [
      "benign__tbA__nv15s-lab-tail4__run012__20260721T035409.bin",
      7.23782
    ],
    [
      "benign__tbA__nv15s-lab-steady1__run060__20260713T202021.bin",
      7.268981
    ],
    [
      "benign__tbA__nv15s-lab-steady1__run042__20260713T053307.bin",
      7.27854
    ],
    [
      "benign__tbA__nv15s-lab-steady1__run011__20260712T055330.bin",
      7.292291
    ],
    [
      "benign__tbA__nv15s-lab-steady1__run012__20260712T063335.bin",
      7.322412
    ],
    [
      "benign__tbA__nv15s-lab-steady1__run075__20260714T062125.bin",
      7.339764
    ],
    [
      "benign__tbA__nv15s-lab-top2__run002__20260713T183635.bin",
      7.34244
    ],
    [
      "benign__tbA__nv15s-lab-steady1__run118__20260715T132013.bin",
      7.36128
    ],
    [
      "benign__tbA__nv15s-lab-steady1__run081__20260714T102151.bin",
      7.364588
    ],
    [
      "benign__tbA__nv15s-lab-steady1__run068__20260714T014056.bin",
      7.367238
    ],
    [
      "benign__tbA__nv15s-lab-steady1__run066__20260714T002047.bin",
      7.394177
    ],
    [
      "benign__tbA__nv15s-lab-tail2__run000__20260719T123138.bin",
      7.403499
    ],
    [
      "benign__tbA__nv15s-lab-steady1__run022__20260712T131418.bin",
      7.504381
    ],
    [
      "benign__tbA__nv15s-lab-steady1__run038__20260713T025250.bin",
      7.518495
    ],
    [
      "benign__tbA__nv15s-lab-top1__run001__20260712T175630.bin",
      7.526162
    ],
    [
      "benign__tbA__nv15s-lab-steady1__run082__20260714T110156.bin",
      7.528869
    ],
    [
      "benign__tbA__nv15s-lab-tail4__run015__20260721T052439.bin",
      7.563988
    ],
    [
      "benign__tbA__nv15s-lab-steady1__run040__20260713T041258.bin",
      7.576856
    ],
    [
      "benign__tbA__nv15s-lab-steady1__run032__20260712T225224.bin",
      7.581361
    ],
    [
