{
  "purpose": "float pre-normalization for the --external-norm int8 model: apply this to nv_struct_features BEFORE int8 quantization",
  "formula": "(x - mean) / max(sqrt(variance), epsilon)",
  "epsilon": 1e-07,
  "n_features": 30,
  "feature_names": [
    "n_records",
    "ts_n_nonmono",
    "ts_min_delta",
    "ts_mean_delta",
    "ts_std_delta",
    "ts_max_delta",
    "temp_n_oob",
    "temp_max_excursion",
    "temp_mean",
    "temp_std",
    "hum_n_oob",
    "hum_max_excursion",
    "hum_mean",
    "hum_std",
    "press_n_oob",
    "press_max_excursion",
    "press_mean",
    "press_std",
    "corr_temp_hum",
    "corr_temp_press",
    "corr_hum_press",
    "jrnl_n_entries",
    "jrnl_reserved_bad",
    "jrnl_op_nonmono",
    "jrnl_tail_dirty",
    "pg_n_valid_headers",
    "pg_tail_dirty",
    "pg_pad_dirty",
    "entropy",
    "frac_erased"
  ],
  "mean": [
    158.84033203125,
    0.848739504814148,
    -1497.344482421875,
    5.306245803833008,
    117.8919448852539,
    15.697479248046875,
    0.0,
    0.0,
    2320.624267578125,
    9.736501693725586,
    0.1596638709306717,
    685749632.0,
    5191359.0,
    58412836.0,
    0.1596638709306717,
    685733504.0,
    5287588.0,
    58411500.0,
    -0.42274436354637146,
    0.01818050630390644,
    0.25077107548713684,
    2.4621849060058594,
    0.0,
    0.0,
    0.0,
    1.9327731132507324,
    0.0,
    0.0,
    3.4643149375915527,
    0.34574824571609497
  ],
  "variance": [
    1905.141845703125,
    0.5485504269599915,
    1206745.0,
    43.12004470825195,
    6742.5341796875,
    2.227813243865967,
    9.999999974752427e-07,
    9.999999974752427e-07,
    50629.66796875,
    127.60716247558594,
    0.13417236506938934,
    2.4750130436295885e+18,
    169429631500288.0,
    1.866810971180237e+16,
    0.13417236506938934,
    2.4748989692982067e+18,
    169431275667456.0,
    1.866726789821235e+16,
    0.19316640496253967,
    0.18865111470222473,
    0.2796941101551056,
    1.0048739910125732,
    9.999999974752427e-07,
    9.999999974752427e-07,
    9.999999974752427e-07,
    0.07951516658067703,
    9.999999974752427e-07,
    9.999999974752427e-07,
    0.36796072125434875,
    0.030068594962358475
  ]
}
